"Month";"Day";"Year";"CurrencyRate"
1;2;2020;4.008755
1;3;2020;4.061272
1;6;2020;4.061193
1;7;2020;4.08387
1;8;2020;4.05686
1;9;2020;4.067867
1;10;2020;4.074294
1;13;2020;4.11936
1;14;2020;4.14359
1;15;2020;4.159935
1;16;2020;4.16501
1;17;2020;4.176269
1;20;2020;4.182228
1;21;2020;4.198021
1;22;2020;4.19246
1;23;2020;4.170318
1;24;2020;4.176167
1;27;2020;4.214694
1;28;2020;4.197728
1;29;2020;4.189528
1;30;2020;4.246623
